event,wall_monotonic_s,skill_index,skill,action_index,queue_depth_chunks,observation_age_ms,schedule_lateness_ms
skill_boundary,9066726.042471308,0,GRASP_OBJECT,,0,,
action,9066726.042474644,0,GRASP_OBJECT,0,0,256.4920745790005,0.0010989606380462646
action,9066726.092604704,0,GRASP_OBJECT,1,0,306.6221345216036,0.13115815818309784
action,9066726.14260842,0,GRASP_OBJECT,2,0,356.62585124373436,0.13487599790096283
action,9066726.192612177,0,GRASP_OBJECT,3,0,406.62960708141327,0.13863109052181244
action,9066726.242620692,0,GRASP_OBJECT,4,0,456.63812197744846,0.14714710414409637
action,9066726.29261862,0,GRASP_OBJECT,5,0,506.63604959845543,0.14507398009300232
action,9066726.34262095,0,GRASP_OBJECT,6,0,556.6383805125952,0.14740414917469025
action,9066726.392623806,0,GRASP_OBJECT,7,0,606.641236692667,0.15026144683361053
action,9066726.442622948,0,GRASP_OBJECT,8,0,656.6403787583113,0.14940276741981506
action,9066726.492623173,0,GRASP_OBJECT,9,0,706.6406030207872,0.149628147482872
action,9066726.542679893,0,GRASP_OBJECT,10,0,756.6973231732845,0.20634755492210388
action,9066726.592611624,0,GRASP_OBJECT,11,0,806.629054248333,0.13807788491249084
action,9066726.642606389,0,GRASP_OBJECT,12,0,856.6238190978765,0.13284385204315186
action,9066726.692614492,0,GRASP_OBJECT,13,0,906.6319223493338,0.14094635844230652
action,9066726.742606467,0,GRASP_OBJECT,14,0,956.6238969564438,0.13292208313941956
action,9066726.792610023,0,GRASP_OBJECT,15,1,1006.6274534910917,0.13647787272930145
skill_boundary,9066726.792699091,1,MOVE_OBJECT,,0,,
action,9066726.842609609,1,MOVE_OBJECT,0,0,349.95851293206215,0.13606250286102295
action,9066726.892610742,1,MOVE_OBJECT,1,0,399.95964616537094,0.1371968537569046
action,9066726.942613594,1,MOVE_OBJECT,2,0,449.9624986201525,0.1400485634803772
action,9066726.992566004,1,MOVE_OBJECT,3,0,499.9149087816477,0.09245984256267548
action,9066727.042623395,1,MOVE_OBJECT,4,0,549.9722994863987,0.1498498022556305
action,9066727.09262085,1,MOVE_OBJECT,5,0,599.9697539955378,0.14730356633663177
action,9066727.142673615,1,MOVE_OBJECT,6,0,650.0225197523832,0.20007044076919556
action,9066727.192624267,1,MOVE_OBJECT,7,0,699.9731715768576,0.15072152018547058
action,9066727.24262409,1,MOVE_OBJECT,8,0,749.9729935079813,0.15054456889629364
action,9066727.292621126,1,MOVE_OBJECT,9,0,799.9700307846069,0.1475811004638672
action,9066727.342621231,1,MOVE_OBJECT,10,0,849.9701358377934,0.14768540859222412
action,9066727.39255564,1,MOVE_OBJECT,11,0,899.9045435339212,0.0820942223072052
action,9066727.442604892,1,MOVE_OBJECT,12,0,949.9537963420153,0.13134628534317017
action,9066727.492612425,1,MOVE_OBJECT,13,0,999.9613296240568,0.1388806849718094
action,9066727.542604877,1,MOVE_OBJECT,14,0,1049.953781068325,0.13133138418197632
action,9066727.592611913,1,MOVE_OBJECT,15,1,1099.9608170241117,0.13836659491062164
skill_boundary,9066727.592701828,2,PLACE_OBJECT,,0,,
action,9066727.642606728,2,PLACE_OBJECT,0,0,349.95672293007374,0.1331828534603119
action,9066727.692612436,2,PLACE_OBJECT,1,0,399.96243081986904,0.13888999819755554
action,9066727.742617927,2,PLACE_OBJECT,2,0,449.96792264282703,0.14438293874263763
action,9066727.792622253,2,PLACE_OBJECT,3,0,499.9722484499216,0.14870800077915192
action,9066727.842622591,2,PLACE_OBJECT,4,0,549.9725863337517,0.14904513955116272
action,9066727.89262061,2,PLACE_OBJECT,5,0,599.970605224371,0.1470651477575302
action,9066727.94262287,2,PLACE_OBJECT,6,0,649.972865357995,0.14932453632354736
action,9066727.992621293,2,PLACE_OBJECT,7,0,699.9712884426117,0.14774873852729797
action,9066728.042620484,2,PLACE_OBJECT,8,0,749.9704789370298,0.1469384878873825
action,9066728.09262386,2,PLACE_OBJECT,9,0,799.9738547950983,0.150313600897789
action,9066728.142622907,2,PLACE_OBJECT,10,0,849.97290186584,0.14936178922653198
action,9066728.192622516,2,PLACE_OBJECT,11,0,899.9725114554167,0.14897063374519348
action,9066728.242568368,2,PLACE_OBJECT,12,0,949.9183632433414,0.09482353925704956
action,9066728.292560725,2,PLACE_OBJECT,13,0,999.9107196927071,0.08717924356460571
action,9066728.342562933,2,PLACE_OBJECT,14,0,1049.912927672267,0.0893864780664444
action,9066728.392577557,2,PLACE_OBJECT,15,0,1099.9275520443916,0.10401196777820587
