seed,reset_snapshot_sha256,planner_valid,planner_calls,planner_latency_ms,grasp_reached,grasp_status,move_reached,move_status,place_reached,place_status,actions,policy_calls,policy_p95_ms,official_success,failure_stage,failure_reason
5000,5573c72473da6c833bcef100f554d7a47b763d81c8bf80c3b0be7616c09ee0a1,True,1,4222.615960985422,True,TIMEOUT,True,TIMEOUT,True,TIMEOUT,592,37,401.77222974598396,False,GRASP_OBJECT,below_threshold
5001,7fa8ace41a4568f838df0b2c1d563ffc0f9520fcf09823f943f09478a5256ffc,True,1,3277.861699461937,True,TIMEOUT,True,SUCCESS,True,TIMEOUT,434,28,388.2651480846107,False,GRASP_OBJECT,skill not yet recognised as complete
5002,d9aa99c10cbb318e7cf5b7c3275a99604e99a58f358d51c77632bcda683f46eb,True,1,3283.309668302536,True,SUCCESS,True,SUCCESS,True,TIMEOUT,383,24,390.56113455444574,False,PLACE_OBJECT,skill not yet recognised as complete
5003,b3872e3b6194f748700ed79e7eb17502f91d4701059b522b3d6f9783f8f9a834,True,1,3262.885056436062,True,TIMEOUT,True,TIMEOUT,True,TIMEOUT,592,37,390.1217114180326,False,GRASP_OBJECT,skill not yet recognised as complete
5004,8fac11aa048fd8e4d0f6fe55e1913dc57ee479e3b9ef8ecaca69ce0f0bddbc1c,True,1,3282.3172360658646,True,TIMEOUT,True,TIMEOUT,True,TIMEOUT,592,37,407.6254747807979,False,GRASP_OBJECT,sequence verifier recognised 'GRASP_OBJECT' complete: P(boundary)=0.994 >= tau=0.93 for 2 consecutive query(ies)
5005,e7bd3b73bd304849bf7712f0fe50636f585d6322a18657260e7fcce225602286,True,1,3277.1920412778854,True,SUCCESS,True,TIMEOUT,True,TIMEOUT,584,37,397.10062332451344,True,,
5006,51320f18cee8a9224343878739eeeed4efaa2db8a4453f2a0297f18acc5f844c,True,1,3280.3332526236773,True,TIMEOUT,True,TIMEOUT,True,TIMEOUT,592,37,392.9722867906093,False,GRASP_OBJECT,skill not yet recognised as complete
5007,c6ec3e6fb339c893b08bce50f12be72aec641166eb7f12678652e7d5055522d4,True,1,3274.461653083563,True,TIMEOUT,True,TIMEOUT,True,TIMEOUT,592,37,393.59690174460405,False,GRASP_OBJECT,skill not yet recognised as complete
5008,d0065e1d674667057b23a065f04f06a4870939f7846cf785079dffadabe7e0c7,True,1,3248.7937286496162,True,SUCCESS,True,SUCCESS,True,TIMEOUT,527,34,396.00530369207263,False,PLACE_OBJECT,skill not yet recognised as complete
5009,db170e36f8e89e5d6ae4c52590d5c384d507a5deb514e89da9b87f28e8a11915,True,1,3271.8859408050776,True,TIMEOUT,True,TIMEOUT,True,TIMEOUT,592,37,396.3587697595357,False,GRASP_OBJECT,skill not yet recognised as complete
5010,70961d7fa91ed9f22b0175d69f2f4b213726597f1f7402927e43130f16dc9e4b,True,1,3338.046235963702,True,TIMEOUT,True,SUCCESS,True,TIMEOUT,476,30,402.29040551930666,False,GRASP_OBJECT,skill not yet recognised as complete
5011,e55679c897a7b0b4aa14a49abcb7ffd8151c267db8afbafd70447a15a72f25f1,True,1,3273.578319698572,True,SUCCESS,True,SUCCESS,True,TIMEOUT,380,25,387.19496987760067,True,,
5012,0d2685d1108e553b0296e5852ea0df47afb9bceeeb883496106d6bf8b8ae678e,True,1,3270.6929594278336,True,SUCCESS,True,SUCCESS,True,TIMEOUT,373,24,403.3302607946098,False,PLACE_OBJECT,skill not yet recognised as complete
5013,1fcf806841550876ea949414ee32baf5cded41ce14d99bfea6c2e260ff3b3ceb,True,1,3256.9273337721825,True,TIMEOUT,True,TIMEOUT,True,TIMEOUT,592,37,404.0010564029217,False,GRASP_OBJECT,skill not yet recognised as complete
5014,ea55c79486d7251d4a063f7e01d308df57ec0e8985176efc6c538590eb6ba05f,True,1,3272.041417658329,True,TIMEOUT,True,TIMEOUT,True,TIMEOUT,592,37,393.9058978110552,False,GRASP_OBJECT,skill not yet recognised as complete
5015,fa019ddded8cb005bb40f047d0fd5ac583d4ddeb3d5da7c8eff788cfddda8cb9,True,1,3263.121711090207,True,TIMEOUT,True,SUCCESS,True,TIMEOUT,359,23,393.62499136477703,False,GRASP_OBJECT,skill not yet recognised as complete
5016,53c4f6dd18862dfaa8ca77024ffee2c638d00746b41ae3b930b24d783c59f64a,True,1,3309.6604365855455,True,SUCCESS,True,SUCCESS,True,TIMEOUT,377,25,423.3230445533991,False,PLACE_OBJECT,skill not yet recognised as complete
5017,ebea577784e8e53887b9004e6428c867aea7dfe94de6e7b7b866538951052e77,True,1,3273.4423354268074,True,TIMEOUT,True,TIMEOUT,True,TIMEOUT,592,37,391.4785631000995,True,,
5018,e06cabd811193ed96d63c28262cf7831c823f4c27f6916eee2521fb87992349b,True,1,3280.554164201021,True,TIMEOUT,True,TIMEOUT,True,TIMEOUT,592,37,402.9643189162016,False,GRASP_OBJECT,skill not yet recognised as complete
5019,6741652c99b3a2451de831afd7a70aa985f0271c797f6f83d4758f658093bb69,True,1,3273.004898801446,True,TIMEOUT,True,TIMEOUT,True,TIMEOUT,592,37,397.30871729552746,False,GRASP_OBJECT,sequence verifier recognised 'GRASP_OBJECT' complete: P(boundary)=0.996 >= tau=0.93 for 2 consecutive query(ies)
