args_valid,budget_valid,call_validity,case_id,contract_valid,duplicate_cycle,exact_sequence,extra_step,fallback_used,first_skill_correct,hallucinated_skill,image_path,image_sha256,instruction,instruction_index,instruction_valid,latency_ms,missing_step,mode,next_args_valid,next_budget_valid,next_contract_valid,next_first_skill_correct,next_instruction_valid,next_name_valid,next_schema_valid,parse_error,repair_parseable,schema_valid,seed,sequence,valid_json
,,,seed0_instruction0_current_next_call,,,,,False,,,/output/images/seed0_contact_sheet.png,bcd5112880c6d26d690547e0b4a37c20730c5b8e7eb84280b0520016899d977d,Close the lid blender by securely placing the lid on top.,0,,1215.650051832199,,current_next_call,False,False,False,False,False,False,False,JSONDecodeError: Expecting value: line 1 column 1 (char 0),False,,0,,False
False,False,[],seed0_instruction0_explicit_full_plan,False,False,False,False,False,False,False,/output/images/seed0_contact_sheet.png,bcd5112880c6d26d690547e0b4a37c20730c5b8e7eb84280b0520016899d977d,Close the lid blender by securely placing the lid on top.,0,False,334.1366872191429,True,explicit_full_plan,,,,,,,,JSONDecodeError: Expecting value: line 1 column 1 (char 0),False,False,0,[],False
,,,seed0_instruction1_current_next_call,,,,,False,,,/output/images/seed0_contact_sheet.png,bcd5112880c6d26d690547e0b4a37c20730c5b8e7eb84280b0520016899d977d,Securely place the blender lid on top to close the blender.,1,,332.2908077389002,,current_next_call,False,False,False,False,False,False,False,JSONDecodeError: Expecting value: line 1 column 1 (char 0),False,,0,,False
False,False,[],seed0_instruction1_explicit_full_plan,False,False,False,False,False,False,False,/output/images/seed0_contact_sheet.png,bcd5112880c6d26d690547e0b4a37c20730c5b8e7eb84280b0520016899d977d,Securely place the blender lid on top to close the blender.,1,False,334.225932136178,True,explicit_full_plan,,,,,,,,JSONDecodeError: Expecting value: line 1 column 1 (char 0),False,False,0,[],False
,,,seed0_instruction2_current_next_call,,,,,False,,,/output/images/seed0_contact_sheet.png,bcd5112880c6d26d690547e0b4a37c20730c5b8e7eb84280b0520016899d977d,Close the blender by putting its lid securely in place.,2,,351.0465435683727,,current_next_call,False,False,False,False,False,False,False,JSONDecodeError: Expecting value: line 1 column 1 (char 0),False,,0,,False
False,False,[],seed0_instruction2_explicit_full_plan,False,False,False,False,False,False,False,/output/images/seed0_contact_sheet.png,bcd5112880c6d26d690547e0b4a37c20730c5b8e7eb84280b0520016899d977d,Close the blender by putting its lid securely in place.,2,False,349.03436712920666,True,explicit_full_plan,,,,,,,,JSONDecodeError: Expecting value: line 1 column 1 (char 0),False,False,0,[],False
,,,seed0_instruction3_current_next_call,,,,,False,,,/output/images/seed0_contact_sheet.png,bcd5112880c6d26d690547e0b4a37c20730c5b8e7eb84280b0520016899d977d,Put the lid securely on the blender so that it is closed.,3,,331.38311468064785,,current_next_call,False,False,False,False,False,False,False,JSONDecodeError: Expecting value: line 1 column 1 (char 0),False,,0,,False
False,False,[],seed0_instruction3_explicit_full_plan,False,False,False,False,False,False,False,/output/images/seed0_contact_sheet.png,bcd5112880c6d26d690547e0b4a37c20730c5b8e7eb84280b0520016899d977d,Put the lid securely on the blender so that it is closed.,3,False,332.55886659026146,True,explicit_full_plan,,,,,,,,JSONDecodeError: Expecting value: line 1 column 1 (char 0),False,False,0,[],False
,,,seed1_instruction0_current_next_call,,,,,False,,,/output/images/seed1_contact_sheet.png,1f7046a25f9ee0c92a2b0d641e8dfc89a98f58d1be68f5849dfa30232d2411e3,Close the lid blender by securely placing the lid on top.,0,,359.38273929059505,,current_next_call,False,False,False,False,False,False,False,JSONDecodeError: Expecting value: line 1 column 1 (char 0),False,,1,,False
False,False,[],seed1_instruction0_explicit_full_plan,False,False,False,False,False,False,False,/output/images/seed1_contact_sheet.png,1f7046a25f9ee0c92a2b0d641e8dfc89a98f58d1be68f5849dfa30232d2411e3,Close the lid blender by securely placing the lid on top.,0,False,335.40603145956993,True,explicit_full_plan,,,,,,,,JSONDecodeError: Expecting value: line 1 column 1 (char 0),False,False,1,[],False
,,,seed1_instruction1_current_next_call,,,,,False,,,/output/images/seed1_contact_sheet.png,1f7046a25f9ee0c92a2b0d641e8dfc89a98f58d1be68f5849dfa30232d2411e3,Securely place the blender lid on top to close the blender.,1,,331.9322094321251,,current_next_call,False,False,False,False,False,False,False,JSONDecodeError: Expecting value: line 1 column 1 (char 0),False,,1,,False
False,False,[],seed1_instruction1_explicit_full_plan,False,False,False,False,False,False,False,/output/images/seed1_contact_sheet.png,1f7046a25f9ee0c92a2b0d641e8dfc89a98f58d1be68f5849dfa30232d2411e3,Securely place the blender lid on top to close the blender.,1,False,333.7481953203678,True,explicit_full_plan,,,,,,,,JSONDecodeError: Expecting value: line 1 column 1 (char 0),False,False,1,[],False
,,,seed1_instruction2_current_next_call,,,,,False,,,/output/images/seed1_contact_sheet.png,1f7046a25f9ee0c92a2b0d641e8dfc89a98f58d1be68f5849dfa30232d2411e3,Close the blender by putting its lid securely in place.,2,,330.7580314576626,,current_next_call,False,False,False,False,False,False,False,JSONDecodeError: Expecting value: line 1 column 1 (char 0),False,,1,,False
False,False,[],seed1_instruction2_explicit_full_plan,False,False,False,False,False,False,False,/output/images/seed1_contact_sheet.png,1f7046a25f9ee0c92a2b0d641e8dfc89a98f58d1be68f5849dfa30232d2411e3,Close the blender by putting its lid securely in place.,2,False,333.82642082870007,True,explicit_full_plan,,,,,,,,JSONDecodeError: Expecting value: line 1 column 1 (char 0),False,False,1,[],False
,,,seed1_instruction3_current_next_call,,,,,False,,,/output/images/seed1_contact_sheet.png,1f7046a25f9ee0c92a2b0d641e8dfc89a98f58d1be68f5849dfa30232d2411e3,Put the lid securely on the blender so that it is closed.,3,,335.2716453373432,,current_next_call,False,False,False,False,False,False,False,JSONDecodeError: Expecting value: line 1 column 1 (char 0),False,,1,,False
False,False,[],seed1_instruction3_explicit_full_plan,False,False,False,False,False,False,False,/output/images/seed1_contact_sheet.png,1f7046a25f9ee0c92a2b0d641e8dfc89a98f58d1be68f5849dfa30232d2411e3,Put the lid securely on the blender so that it is closed.,3,False,334.6167076379061,True,explicit_full_plan,,,,,,,,JSONDecodeError: Expecting value: line 1 column 1 (char 0),False,False,1,[],False
,,,seed2_instruction0_current_next_call,,,,,False,,,/output/images/seed2_contact_sheet.png,9b5f2837ab78183ba92ec3f2e4cfd5682e6557a723efc883ac32f6d8f0fadf1c,Close the lid blender by securely placing the lid on top.,0,,379.74731624126434,,current_next_call,False,False,False,False,False,False,False,JSONDecodeError: Expecting value: line 1 column 1 (char 0),False,,2,,False
False,False,[],seed2_instruction0_explicit_full_plan,False,False,False,False,False,False,False,/output/images/seed2_contact_sheet.png,9b5f2837ab78183ba92ec3f2e4cfd5682e6557a723efc883ac32f6d8f0fadf1c,Close the lid blender by securely placing the lid on top.,0,False,335.6367778033018,True,explicit_full_plan,,,,,,,,JSONDecodeError: Expecting value: line 1 column 1 (char 0),False,False,2,[],False
,,,seed2_instruction1_current_next_call,,,,,False,,,/output/images/seed2_contact_sheet.png,9b5f2837ab78183ba92ec3f2e4cfd5682e6557a723efc883ac32f6d8f0fadf1c,Securely place the blender lid on top to close the blender.,1,,333.5777800530195,,current_next_call,False,False,False,False,False,False,False,JSONDecodeError: Expecting value: line 1 column 1 (char 0),False,,2,,False
False,False,[],seed2_instruction1_explicit_full_plan,False,False,False,False,False,False,False,/output/images/seed2_contact_sheet.png,9b5f2837ab78183ba92ec3f2e4cfd5682e6557a723efc883ac32f6d8f0fadf1c,Securely place the blender lid on top to close the blender.,1,False,335.18335595726967,True,explicit_full_plan,,,,,,,,JSONDecodeError: Expecting value: line 1 column 1 (char 0),False,False,2,[],False
,,,seed2_instruction2_current_next_call,,,,,False,,,/output/images/seed2_contact_sheet.png,9b5f2837ab78183ba92ec3f2e4cfd5682e6557a723efc883ac32f6d8f0fadf1c,Close the blender by putting its lid securely in place.,2,,333.57778936624527,,current_next_call,False,False,False,False,False,False,False,JSONDecodeError: Expecting value: line 1 column 1 (char 0),False,,2,,False
False,False,[],seed2_instruction2_explicit_full_plan,False,False,False,False,False,False,False,/output/images/seed2_contact_sheet.png,9b5f2837ab78183ba92ec3f2e4cfd5682e6557a723efc883ac32f6d8f0fadf1c,Close the blender by putting its lid securely in place.,2,False,334.3299236148596,True,explicit_full_plan,,,,,,,,JSONDecodeError: Expecting value: line 1 column 1 (char 0),False,False,2,[],False
,,,seed2_instruction3_current_next_call,,,,,False,,,/output/images/seed2_contact_sheet.png,9b5f2837ab78183ba92ec3f2e4cfd5682e6557a723efc883ac32f6d8f0fadf1c,Put the lid securely on the blender so that it is closed.,3,,334.61346104741096,,current_next_call,False,False,False,False,False,False,False,JSONDecodeError: Expecting value: line 1 column 1 (char 0),False,,2,,False
False,False,[],seed2_instruction3_explicit_full_plan,False,False,False,False,False,False,False,/output/images/seed2_contact_sheet.png,9b5f2837ab78183ba92ec3f2e4cfd5682e6557a723efc883ac32f6d8f0fadf1c,Put the lid securely on the blender so that it is closed.,3,False,334.3625757843256,True,explicit_full_plan,,,,,,,,JSONDecodeError: Expecting value: line 1 column 1 (char 0),False,False,2,[],False
