case_id,chat_prompt_sha256,control,direct_nonempty,direct_valid_json,eos_token_ids,first_generated_token_id,generated_token_count,generated_token_ids,image_path,image_sha256,input_suffix_text,input_suffix_token_ids,input_token_count,latency_ms,prompt_sha256,raw_output,raw_output_with_special_tokens,stop_reason
qa_object,19a5f7e0f0e93836f7e6de61914992293514277dab4adc6664346728632a0226,xiaomi_checkpoint_sanity,True,False,[151645],63889,6,"[63889, 354, 1472, 64498, 29, 151645]",/parent_results/images/seed0_contact_sheet.png,bcd5112880c6d26d690547e0b4a37c20730c5b8e7eb84280b0520016899d977d,"<|image_pad|><|image_pad|><|image_pad|><|image_pad|><|image_pad|><|image_pad|><|image_pad|><|image_pad|><|image_pad|><|image_pad|><|image_pad|><|image_pad|><|image_pad|><|image_pad|><|image_pad|><|image_pad|><|image_pad|><|image_pad|><|image_pad|><|image_pad|><|image_pad|><|image_pad|><|image_pad|><|image_pad|><|image_pad|><|image_pad|><|image_pad|><|image_pad|><|image_pad|><|image_pad|><|image_pad|><|image_pad|><|image_pad|><|image_pad|><|image_pad|><|image_pad|><|image_pad|><|image_pad|><|image_pad|><|image_pad|><|image_pad|><|image_pad|><|image_pad|><|image_pad|><|image_pad|><|image_pad|><|vision_end|>What appliance is visible in these camera views? Answer briefly.<|im_end|>
<|im_start|>assistant
","[151655, 151655, 151655, 151655, 151655, 151655, 151655, 151655, 151655, 151655, 151655, 151655, 151655, 151655, 151655, 151655, 151655, 151655, 151655, 151655, 151655, 151655, 151655, 151655, 151655, 151655, 151655, 151655, 151655, 151655, 151655, 151655, 151655, 151655, 151655, 151655, 151655, 151655, 151655, 151655, 151655, 151655, 151655, 151655, 151655, 151655, 151653, 3838, 55354, 374, 9434, 304, 1493, 6249, 6194, 30, 21806, 26753, 13, 151645, 198, 151644, 77091, 198]",214,1195.4551432281733,2e21cca6fe16548b2d841dedbcafbf8123f5c4de66359b64ff5e007d55c06f0c,<cot></cot>,<cot></cot><|im_end|>,eos_token
qa_lid_state,d301cfe66b7f10a6f0cbd7f14a36d95dc13602cfb7eba2f6df4ec8f84f09b1a5,xiaomi_checkpoint_sanity,True,False,[151645],63889,6,"[63889, 354, 1472, 64498, 29, 151645]",/parent_results/images/seed0_contact_sheet.png,bcd5112880c6d26d690547e0b4a37c20730c5b8e7eb84280b0520016899d977d,"<|image_pad|><|image_pad|><|image_pad|><|image_pad|><|image_pad|><|image_pad|><|image_pad|><|image_pad|><|image_pad|><|image_pad|><|image_pad|><|image_pad|><|image_pad|><|image_pad|><|image_pad|><|image_pad|><|image_pad|><|image_pad|><|image_pad|><|image_pad|><|image_pad|><|image_pad|><|image_pad|><|image_pad|><|image_pad|><|image_pad|><|image_pad|><|image_pad|><|image_pad|><|image_pad|><|image_pad|><|image_pad|><|image_pad|><|image_pad|><|image_pad|><|image_pad|><|image_pad|><|image_pad|><|image_pad|><|image_pad|><|vision_end|>Is the blender lid already securely placed on top of the blender? Answer yes or no.<|im_end|>
<|im_start|>assistant
","[151655, 151655, 151655, 151655, 151655, 151655, 151655, 151655, 151655, 151655, 151655, 151655, 151655, 151655, 151655, 151655, 151655, 151655, 151655, 151655, 151655, 151655, 151655, 151655, 151655, 151655, 151655, 151655, 151655, 151655, 151655, 151655, 151655, 151655, 151655, 151655, 151655, 151655, 151655, 151655, 151653, 3872, 279, 61795, 26334, 2669, 51023, 9099, 389, 1909, 315, 279, 61795, 30, 21806, 9834, 476, 902, 13, 151645, 198, 151644, 77091, 198]",220,250.09601935744286,242811883eb366fb0f7c383eb6d9d4f2e0525e9710093c124081965bfe944229,<cot></cot>,<cot></cot><|im_end|>,eos_token
qa_scene,4993d90ddf8005dbbb35b4f16fca79161db3343bbb93311c94db22fcff3bfa78,xiaomi_checkpoint_sanity,True,False,[151645],63889,6,"[63889, 354, 1472, 64498, 29, 151645]",/parent_results/images/seed0_contact_sheet.png,bcd5112880c6d26d690547e0b4a37c20730c5b8e7eb84280b0520016899d977d,"<|image_pad|><|image_pad|><|image_pad|><|image_pad|><|image_pad|><|image_pad|><|image_pad|><|image_pad|><|image_pad|><|image_pad|><|image_pad|><|image_pad|><|image_pad|><|image_pad|><|image_pad|><|image_pad|><|image_pad|><|image_pad|><|image_pad|><|image_pad|><|image_pad|><|image_pad|><|image_pad|><|image_pad|><|image_pad|><|image_pad|><|image_pad|><|image_pad|><|image_pad|><|image_pad|><|image_pad|><|image_pad|><|image_pad|><|image_pad|><|image_pad|><|image_pad|><|image_pad|><|image_pad|><|image_pad|><|image_pad|><|image_pad|><|image_pad|><|image_pad|><|image_pad|><|image_pad|><|image_pad|><|image_pad|><|vision_end|>Briefly describe the robot manipulation scene in one sentence.<|im_end|>
<|im_start|>assistant
","[151655, 151655, 151655, 151655, 151655, 151655, 151655, 151655, 151655, 151655, 151655, 151655, 151655, 151655, 151655, 151655, 151655, 151655, 151655, 151655, 151655, 151655, 151655, 151655, 151655, 151655, 151655, 151655, 151655, 151655, 151655, 151655, 151655, 151655, 151655, 151655, 151655, 151655, 151655, 151655, 151655, 151655, 151655, 151655, 151655, 151655, 151655, 151653, 85984, 398, 7512, 279, 12305, 33686, 6109, 304, 825, 11652, 13, 151645, 198, 151644, 77091, 198]",213,246.76776118576527,d871838f28ce18f05ccc8d3bb98eb86968061c477f8854ab1fa07550a5f26827,<cot></cot>,<cot></cot><|im_end|>,eos_token
planning,c0dcbef264adf2abd8d87b9eb1ad4ed266f74d9387be1243f4d4d3d2f0f9b4fa,xiaomi_checkpoint_sanity,True,False,[151645],63889,6,"[63889, 354, 1472, 64498, 29, 151645]",/parent_results/images/seed0_contact_sheet.png,bcd5112880c6d26d690547e0b4a37c20730c5b8e7eb84280b0520016899d977d," ""Place the blender lid on the blender, release it after it is stably supported, then move the gripper clear."", ""max_steps"": 96, ""name"": ""PLACE_OBJECT""}], ""task_instruction"": ""Close the lid blender by securely placing the lid on top.""}<|im_end|>
<|im_start|>assistant
","[330, 17371, 279, 61795, 26334, 389, 279, 61795, 11, 4879, 432, 1283, 432, 374, 357, 2845, 7248, 11, 1221, 3271, 279, 22993, 6922, 2797, 10465, 330, 2810, 22731, 788, 220, 24, 21, 11, 330, 606, 788, 330, 35875, 13442, 9207, 1125, 330, 8202, 54923, 788, 330, 7925, 279, 26334, 61795, 553, 51023, 24047, 279, 26334, 389, 1909, 1189, 92, 151645, 198, 151644, 77091, 198]",639,309.5324095338583,aed161462ad31511db3b30b4216dcc626a144b461249fe59439c980a5bd15985,<cot></cot>,<cot></cot><|im_end|>,eos_token
