event,wall_monotonic_s,skill_index,skill,action_index,queue_depth_chunks,observation_age_ms,schedule_lateness_ms
skill_boundary,9067753.364919098,0,GRASP_OBJECT,,0,,
action,9067753.364922967,0,GRASP_OBJECT,0,0,260.37369295954704,0.0009667128324508667
action,9067753.415052043,0,GRASP_OBJECT,1,0,310.50276942551136,0.1300424337387085
action,9067753.465055484,0,GRASP_OBJECT,2,0,360.50621047616005,0.1334846019744873
action,9067753.515077336,0,GRASP_OBJECT,3,0,410.52806191146374,0.15533529222011566
action,9067753.565069994,0,GRASP_OBJECT,4,0,460.52072010934353,0.14799460768699646
action,9067753.6150657,0,GRASP_OBJECT,5,0,510.51642559468746,0.14369934797286987
action,9067753.665071735,0,GRASP_OBJECT,6,0,560.522461310029,0.14973431825637817
action,9067753.715071972,0,GRASP_OBJECT,7,0,610.522698611021,0.14997273683547974
action,9067753.765069865,0,GRASP_OBJECT,8,0,660.5205908417702,0.1478642225265503
action,9067753.815071117,0,GRASP_OBJECT,9,0,710.5218432843685,0.14911778271198273
action,9067753.865067746,0,GRASP_OBJECT,10,0,760.5184726417065,0.1457463949918747
action,9067753.915078476,0,GRASP_OBJECT,11,0,810.5292022228241,0.156475231051445
action,9067753.965060372,0,GRASP_OBJECT,12,0,860.5110980570316,0.13837218284606934
action,9067754.015015418,0,GRASP_OBJECT,13,0,910.466143861413,0.09341724216938019
action,9067754.0650566,0,GRASP_OBJECT,14,0,960.5073258280754,0.13460032641887665
action,9067754.11505844,0,GRASP_OBJECT,15,1,1010.5091668665409,0.13644061982631683
skill_boundary,9067754.115151204,1,MOVE_OBJECT,,0,,
action,9067754.16505592,1,MOVE_OBJECT,0,0,349.9560412019491,0.13391859829425812
action,9067754.215058861,1,MOVE_OBJECT,1,0,399.9589830636978,0.13686157763004303
action,9067754.26506472,1,MOVE_OBJECT,2,0,449.9648418277502,0.1427195966243744
action,9067754.3150738,1,MOVE_OBJECT,3,0,499.9739211052656,0.1517999917268753
action,9067754.365076577,1,MOVE_OBJECT,4,0,549.9766990542412,0.15457719564437866
action,9067754.415075824,1,MOVE_OBJECT,5,0,599.9759454280138,0.15382282435894012
action,9067754.46507345,1,MOVE_OBJECT,6,0,649.9735713005066,0.15144981443881989
action,9067754.515074648,1,MOVE_OBJECT,7,0,699.9747697263956,0.1526474952697754
action,9067754.565093892,1,MOVE_OBJECT,8,0,749.9940134584904,0.17189234495162964
action,9067754.615074484,1,MOVE_OBJECT,9,0,799.9746054410934,0.15248358249664307
action,9067754.66506436,1,MOVE_OBJECT,10,0,849.9644808471203,0.14235824346542358
action,9067754.715066984,1,MOVE_OBJECT,11,0,899.9671060591936,0.14498457312583923
action,9067754.765052687,1,MOVE_OBJECT,12,0,949.9528091400862,0.1306869089603424
action,9067754.815061245,1,MOVE_OBJECT,13,0,999.9613668769598,0.13924576342105865
action,9067754.865054475,1,MOVE_OBJECT,14,0,1049.9545969069004,0.13247504830360413
action,9067754.915058732,1,MOVE_OBJECT,15,1,1099.9588537961245,0.13673119246959686
skill_boundary,9067754.915142152,2,PLACE_OBJECT,,0,,
action,9067754.965055455,2,PLACE_OBJECT,0,0,349.95030611753464,0.1334547996520996
action,9067755.015057428,2,PLACE_OBJECT,1,0,399.95227940380573,0.1354273408651352
action,9067755.065065777,2,PLACE_OBJECT,2,0,449.96062852442265,0.14377757906913757
action,9067755.115073375,2,PLACE_OBJECT,3,0,499.9682269990444,0.15137530863285065
action,9067755.165074425,2,PLACE_OBJECT,4,0,549.9692764133215,0.15242397785186768
action,9067755.215075504,2,PLACE_OBJECT,5,0,599.970355629921,0.15350431203842163
action,9067755.26508848,2,PLACE_OBJECT,6,0,649.9833315610886,0.16647949814796448
action,9067755.315076362,2,PLACE_OBJECT,7,0,699.9712139368057,0.1543629914522171
action,9067755.365076873,2,PLACE_OBJECT,8,0,749.9717250466347,0.15487335622310638
action,9067755.4150774,2,PLACE_OBJECT,9,0,799.9722510576248,0.15539862215518951
action,9067755.465075849,2,PLACE_OBJECT,10,0,849.9707002192736,0.15384890139102936
action,9067755.51503178,2,PLACE_OBJECT,11,0,899.9266307801008,0.10977871716022491
action,9067755.565073805,2,PLACE_OBJECT,12,0,949.9686565250158,0.151805579662323
action,9067755.615075521,2,PLACE_OBJECT,13,0,999.9703727662563,0.1535210758447647
action,9067755.665074324,2,PLACE_OBJECT,14,0,1049.9691758304834,0.1523233950138092
action,9067755.715073502,2,PLACE_OBJECT,15,0,1099.9683532863855,0.15150196850299835
