state,label,npz,action_to_instruction_mean,action_to_instruction_per_token,action_to_instruction_std,action_to_image_mean,instruction_to_image_mean,image_to_instruction_mean,GRASP_token_attention,MOVE_token_attention,PLACE_token_attention,action_effect_size,action_cosine,action_d_means,instruction_token_count
reset,correct_full,reset__correct_full.npz,0.02861894480884075,0.0023849119897931814,0.06728672236204147,0.16352306306362152,0.10921569913625717,0.0,0.002820693189278245,0.0,0.0033811316825449467,0.0,1.0,0.0,12
reset,skill_grasp,reset__skill_grasp.npz,0.02355608157813549,0.0033651546109467745,0.06258638203144073,0.16336201131343842,0.12423206865787506,0.0,0.004262566566467285,0.0,0.0,10.476,0.1447,7.6086,7
reset,skill_move,reset__skill_move.npz,0.0357782244682312,0.00223613902926445,0.07643789052963257,0.15683624148368835,0.09897519648075104,0.0,0.0,0.0058706351555883884,0.0,10.221,0.1569,7.424,16
reset,skill_place,reset__skill_place.npz,0.0421053022146225,0.001830665278248489,0.0828319787979126,0.15551473200321198,0.09524205327033997,0.0,0.0017983140423893929,0.0013914419105276465,0.003811642760410905,6.765,0.5674,4.9134,23
move,correct_full,move__correct_full.npz,0.036725398153066635,0.0030604498460888863,0.08252409845590591,0.155161052942276,0.12745678424835205,0.0,0.0023068543523550034,0.0,0.006293635815382004,0.0,1.0,0.0,12
move,skill_grasp,move__skill_grasp.npz,0.026781441643834114,0.003825920168310404,0.07082759588956833,0.15783275663852692,0.13496685028076172,0.0,0.004423205740749836,0.0,0.0,1.554,0.9986,0.3297,7
move,skill_move,move__skill_move.npz,0.03914486616849899,0.002446554135531187,0.08232559263706207,0.15058034658432007,0.10851141065359116,0.0,0.0,0.0059012770652771,0.0,1.838,0.9981,0.3901,16
move,skill_place,move__skill_place.npz,0.04924015328288078,0.0021408761385828257,0.09303302317857742,0.15016396343708038,0.11124242842197418,0.0,0.001955730142071843,0.0016104865353554487,0.005960403010249138,1.872,0.998,0.3972,23
place,correct_full,place__correct_full.npz,0.04211702570319176,0.003509752219542861,0.10014408081769943,0.14389249682426453,0.12379634380340576,0.0,0.002265523187816143,0.0,0.008896303363144398,0.0,1.0,0.0,12
place,skill_grasp,place__skill_grasp.npz,0.027702461928129196,0.003957494627684355,0.07397197186946869,0.15318462252616882,0.1356995701789856,0.0,0.005243686959147453,0.0,0.0,0.858,0.998,0.356,7
place,skill_move,place__skill_move.npz,0.04536135867238045,0.002835084917023778,0.10275676101446152,0.14419566094875336,0.10843759775161743,0.0,0.0,0.008539451286196709,0.0,0.284,0.9998,0.1177,16
place,skill_place,place__skill_place.npz,0.05299187824130058,0.0023039947263896465,0.10745164006948471,0.13983488082885742,0.10892954468727112,0.0,0.002628629794344306,0.0015716834459453821,0.009599829092621803,0.358,0.9997,0.1484,23
