mode,index,latency_ms
baseline_warmup,0,1140.5265014618635
baseline_warmup,1,255.05479983985424
baseline,0,256.4194779843092
baseline,1,254.24020178616047
baseline,2,253.8523729890585
baseline,3,253.6009345203638
baseline,4,253.89375537633896
baseline,5,253.8196910172701
baseline,6,253.63154336810112
baseline,7,253.34773398935795
baseline,8,256.13255240023136
baseline,9,253.6204196512699
baseline,10,253.71957756578922
baseline,11,252.9800720512867
dual_warmup,0,268.5724217444658
dual_warmup,1,254.25099022686481
dual_idle,0,254.02252562344074
dual_idle,1,253.3703427761793
dual_idle,2,252.8199553489685
dual_idle,3,253.05894017219543
dual_idle,4,254.03081066906452
dual_idle,5,253.16239520907402
dual_idle,6,255.33294677734375
dual_idle,7,254.12387400865555
dual_idle,8,253.58151458203793
dual_idle,9,252.5531891733408
dual_idle,10,252.58748419582844
dual_idle,11,252.74787656962872
planner,0,3299.5749171823263
post_planner_policy,0,255.33652119338512
