allocated_mib,driver_free_mib,latency_ms,monotonic_s,peak_allocated_mib,peak_reserved_mib,reserved_mib,stage,total_mib
0.0,23820.4375,,9065637.07945963,0.0,0.0,0.0,startup,24122.1875
9693.27978515625,13948.4375,,9065640.422178691,9693.2802734375,9830.0,9830.0,policy_loaded,24122.1875
9705.91796875,13626.4375,1140.5265014618635,9065641.605375296,9916.279296875,10132.0,10132.0,baseline_warmup_0,24122.1875
9705.919921875,13626.4375,255.05479983985424,9065641.860910755,9916.28125,10132.0,10132.0,baseline_warmup_1,24122.1875
9705.919921875,13626.4375,256.4194779843092,9065642.117799584,9916.28125,10132.0,10132.0,baseline_0,24122.1875
9705.919921875,13626.4375,254.24020178616047,9065642.372508178,9916.28125,10132.0,10132.0,baseline_1,24122.1875
9705.919921875,13626.4375,253.8523729890585,9065642.626787355,9916.28125,10132.0,10132.0,baseline_2,24122.1875
9705.919921875,13626.4375,253.6009345203638,9065642.880819524,9916.28125,10132.0,10132.0,baseline_3,24122.1875
9705.919921875,13626.4375,253.89375537633896,9065643.135139609,9916.28125,10132.0,10132.0,baseline_4,24122.1875
9705.919921875,13626.4375,253.8196910172701,9065643.389388323,9916.28125,10132.0,10132.0,baseline_5,24122.1875
9705.919921875,13626.4375,253.63154336810112,9065643.643439295,9916.28125,10132.0,10132.0,baseline_6,24122.1875
9705.919921875,13626.4375,253.34773398935795,9065643.897208055,9916.28125,10132.0,10132.0,baseline_7,24122.1875
9705.919921875,13626.4375,256.13255240023136,9065644.153950648,9916.28125,10132.0,10132.0,baseline_8,24122.1875
9705.919921875,13626.4375,253.6204196512699,9065644.408039413,9916.28125,10132.0,10132.0,baseline_9,24122.1875
9705.919921875,13626.4375,253.71957756578922,9065644.662201473,9916.28125,10132.0,10132.0,baseline_10,24122.1875
9705.919921875,13626.4375,252.9800720512867,9065644.915608363,9916.28125,10132.0,10132.0,baseline_11,24122.1875
18226.8984375,5312.4375,,9065649.873607444,18226.8984375,18446.0,18446.0,dual_loaded,24122.1875
18226.900390625,5104.4375,268.5724217444658,9065650.172658132,18437.26171875,18654.0,18654.0,dual_warmup_0,24122.1875
18226.900390625,5104.4375,254.25099022686481,9065650.427531948,18437.26171875,18654.0,18654.0,dual_warmup_1,24122.1875
18226.900390625,5104.4375,254.02252562344074,9065650.682106843,18437.26171875,18654.0,18654.0,dual_idle_0,24122.1875
18226.900390625,5104.4375,253.3703427761793,9065650.935994646,18437.26171875,18654.0,18654.0,dual_idle_1,24122.1875
18226.900390625,5104.4375,252.8199553489685,9065651.189784428,18437.26171875,18654.0,18654.0,dual_idle_2,24122.1875
18226.900390625,5104.4375,253.05894017219543,9065651.44335111,18437.26171875,18654.0,18654.0,dual_idle_3,24122.1875
18226.900390625,5104.4375,254.03081066906452,9065651.697883464,18437.26171875,18654.0,18654.0,dual_idle_4,24122.1875
18226.900390625,5104.4375,253.16239520907402,9065651.951588996,18437.26171875,18654.0,18654.0,dual_idle_5,24122.1875
18226.900390625,5104.4375,255.33294677734375,9065652.20747407,18437.26171875,18654.0,18654.0,dual_idle_6,24122.1875
18226.900390625,5104.4375,254.12387400865555,9065652.462221112,18437.26171875,18654.0,18654.0,dual_idle_7,24122.1875
18226.900390625,5104.4375,253.58151458203793,9065652.71636299,18437.26171875,18654.0,18654.0,dual_idle_8,24122.1875
18226.900390625,5104.4375,252.5531891733408,9065652.969451366,18437.26171875,18654.0,18654.0,dual_idle_9,24122.1875
18226.900390625,5104.4375,252.58748419582844,9065653.22255532,18437.26171875,18654.0,18654.0,dual_idle_10,24122.1875
18226.900390625,5104.4375,252.74787656962872,9065653.476106888,18437.26171875,18654.0,18654.0,dual_idle_11,24122.1875
18226.89892578125,5058.4375,3299.5749171823263,9065656.788371747,18380.35986328125,18700.0,18700.0,planner_generate,24122.1875
18226.90087890625,5058.4375,255.33652119338512,9065657.04423809,18437.26220703125,18700.0,18700.0,post_planner_policy,24122.1875
