canonical_path,canonical_strict_plan_valid,canonicalization_errors,canonicalization_success,case_id,constrained_decoding_used,direct_valid_json,duplicate_step,eos_token_ids,errors,exact_sequence,extra_step,fallback_used,first_skill_correct,generated_token_count,generated_token_ids,image_path,image_sha256,input_token_count,instruction,instruction_index,latency_ms,missing_step,name_args_valid,parse_error,parser_repair_used,peak_vram_mib,prompt_sha256,raw_path,rendered_chat_sha256,seed,semantic_schema_valid,sequence,stop_reason,unknown_skill
canonical/seed0_instruction0.json,True,[],True,seed0_instruction0,False,True,False,"[151645, 151643]",[],True,False,False,True,90,"[4913, 10393, 788, 61753, 606, 788, 330, 8626, 65104, 13442, 497, 330, 2116, 788, 5212, 901, 13367, 20627, 788, 330, 61206, 10630, 497, 330, 1700, 788, 330, 2024, 1659, 907, 307, 9207, 2137, 5212, 606, 788, 330, 29116, 13442, 497, 330, 2116, 788, 5212, 17997, 788, 330, 34087, 620, 8156, 20627, 497, 330, 1700, 788, 330, 2024, 1659, 907, 307, 9207, 2137, 5212, 606, 788, 330, 35875, 13442, 497, 330, 2116, 788, 5212, 17997, 788, 330, 2024, 1659, 497, 330, 1700, 788, 330, 2024, 1659, 907, 307, 30975, 13989, 151645]",/parent_results/images/seed0_contact_sheet.png,bcd5112880c6d26d690547e0b4a37c20730c5b8e7eb84280b0520016899d977d,468,Close the lid blender by securely placing the lid on top.,0,4132.40709155798,False,True,,False,8672.97509765625,4609f5be8bf299fca86be78c0e090d1e920a714c9a0d0126c9b8b5555b29e027,raw/seed0_instruction0.txt,87b59e6b1cfab20caab4008cbe2aab21aa01ca323094daf84f1b38dd7486a023,0,True,"[""GRASP_OBJECT"", ""MOVE_OBJECT"", ""PLACE_OBJECT""]",eos_token,False
canonical/seed0_instruction1.json,True,[],True,seed0_instruction1,False,True,False,"[151645, 151643]",[],True,False,False,True,90,"[4913, 10393, 788, 61753, 606, 788, 330, 8626, 65104, 13442, 497, 330, 2116, 788, 5212, 901, 13367, 20627, 788, 330, 61206, 10630, 497, 330, 1700, 788, 330, 2024, 1659, 907, 307, 9207, 2137, 5212, 606, 788, 330, 29116, 13442, 497, 330, 2116, 788, 5212, 17997, 788, 330, 34087, 620, 8156, 20627, 497, 330, 1700, 788, 330, 2024, 1659, 907, 307, 9207, 2137, 5212, 606, 788, 330, 35875, 13442, 497, 330, 2116, 788, 5212, 17997, 788, 330, 2024, 1659, 497, 330, 1700, 788, 330, 2024, 1659, 907, 307, 30975, 13989, 151645]",/parent_results/images/seed0_contact_sheet.png,bcd5112880c6d26d690547e0b4a37c20730c5b8e7eb84280b0520016899d977d,469,Securely place the blender lid on top to close the blender.,1,3232.7398788183928,False,True,,False,8672.99267578125,a835f053538454c80267cf7470e6aced3bdae0ce6408d7abfbc66b377a36faad,raw/seed0_instruction1.txt,a211b4fe895449bc287c4f0798bc1437a56cbe7cd8845676cbbb6c064a63e853,0,True,"[""GRASP_OBJECT"", ""MOVE_OBJECT"", ""PLACE_OBJECT""]",eos_token,False
canonical/seed0_instruction2.json,True,[],True,seed0_instruction2,False,True,False,"[151645, 151643]",[],True,False,False,True,90,"[4913, 10393, 788, 61753, 606, 788, 330, 8626, 65104, 13442, 497, 330, 2116, 788, 5212, 901, 13367, 20627, 788, 330, 61206, 10630, 497, 330, 1700, 788, 330, 2024, 1659, 907, 307, 9207, 2137, 5212, 606, 788, 330, 29116, 13442, 497, 330, 2116, 788, 5212, 17997, 788, 330, 34087, 620, 8156, 20627, 497, 330, 1700, 788, 330, 2024, 1659, 907, 307, 9207, 2137, 5212, 606, 788, 330, 35875, 13442, 497, 330, 2116, 788, 5212, 17997, 788, 330, 2024, 1659, 497, 330, 1700, 788, 330, 2024, 1659, 907, 307, 30975, 13989, 151645]",/parent_results/images/seed0_contact_sheet.png,bcd5112880c6d26d690547e0b4a37c20730c5b8e7eb84280b0520016899d977d,467,Close the blender by putting its lid securely in place.,2,3234.6354853361845,False,True,,False,8672.96142578125,15d5a67eecf1d16580a0bb1932e84efd74c94ceacc75f3b0dd404066538aa1f8,raw/seed0_instruction2.txt,3ebf00c05e1143958ab9b1b808aaf60460dfafe527b4ba7d9febd1920101a848,0,True,"[""GRASP_OBJECT"", ""MOVE_OBJECT"", ""PLACE_OBJECT""]",eos_token,False
canonical/seed0_instruction3.json,True,[],True,seed0_instruction3,False,True,False,"[151645, 151643]",[],True,False,False,True,90,"[4913, 10393, 788, 61753, 606, 788, 330, 8626, 65104, 13442, 497, 330, 2116, 788, 5212, 901, 13367, 20627, 788, 330, 61206, 10630, 497, 330, 1700, 788, 330, 2024, 1659, 907, 307, 9207, 2137, 5212, 606, 788, 330, 29116, 13442, 497, 330, 2116, 788, 5212, 17997, 788, 330, 34087, 620, 8156, 20627, 497, 330, 1700, 788, 330, 2024, 1659, 907, 307, 9207, 2137, 5212, 606, 788, 330, 35875, 13442, 497, 330, 2116, 788, 5212, 17997, 788, 330, 2024, 1659, 497, 330, 1700, 788, 330, 2024, 1659, 907, 307, 30975, 13989, 151645]",/parent_results/images/seed0_contact_sheet.png,bcd5112880c6d26d690547e0b4a37c20730c5b8e7eb84280b0520016899d977d,469,Put the lid securely on the blender so that it is closed.,3,3232.523676007986,False,True,,False,8672.99267578125,dc93bef8eb68e1d3f4a2d6c7ddc053b9e9538f993bae805d2dbbc90da9bb9075,raw/seed0_instruction3.txt,75e613590eb3063a1c2281a0fa8d16307c8a88f238f65b555208d1cd577ab5a3,0,True,"[""GRASP_OBJECT"", ""MOVE_OBJECT"", ""PLACE_OBJECT""]",eos_token,False
canonical/seed1_instruction0.json,True,[],True,seed1_instruction0,False,True,False,"[151645, 151643]",[],True,False,False,True,90,"[4913, 10393, 788, 61753, 606, 788, 330, 8626, 65104, 13442, 497, 330, 2116, 788, 5212, 901, 13367, 20627, 788, 330, 61206, 10630, 497, 330, 1700, 788, 330, 2024, 1659, 907, 307, 9207, 2137, 5212, 606, 788, 330, 29116, 13442, 497, 330, 2116, 788, 5212, 17997, 788, 330, 34087, 620, 8156, 20627, 497, 330, 1700, 788, 330, 2024, 1659, 907, 307, 9207, 2137, 5212, 606, 788, 330, 35875, 13442, 497, 330, 2116, 788, 5212, 17997, 788, 330, 2024, 1659, 497, 330, 1700, 788, 330, 2024, 1659, 907, 307, 30975, 13989, 151645]",/parent_results/images/seed1_contact_sheet.png,1f7046a25f9ee0c92a2b0d641e8dfc89a98f58d1be68f5849dfa30232d2411e3,468,Close the lid blender by securely placing the lid on top.,0,3256.0862191021442,False,True,,False,8672.97509765625,4609f5be8bf299fca86be78c0e090d1e920a714c9a0d0126c9b8b5555b29e027,raw/seed1_instruction0.txt,87b59e6b1cfab20caab4008cbe2aab21aa01ca323094daf84f1b38dd7486a023,1,True,"[""GRASP_OBJECT"", ""MOVE_OBJECT"", ""PLACE_OBJECT""]",eos_token,False
canonical/seed1_instruction1.json,True,[],True,seed1_instruction1,False,True,False,"[151645, 151643]",[],True,False,False,True,90,"[4913, 10393, 788, 61753, 606, 788, 330, 8626, 65104, 13442, 497, 330, 2116, 788, 5212, 901, 13367, 20627, 788, 330, 61206, 10630, 497, 330, 1700, 788, 330, 2024, 1659, 907, 307, 9207, 2137, 5212, 606, 788, 330, 29116, 13442, 497, 330, 2116, 788, 5212, 17997, 788, 330, 34087, 620, 8156, 20627, 497, 330, 1700, 788, 330, 2024, 1659, 907, 307, 9207, 2137, 5212, 606, 788, 330, 35875, 13442, 497, 330, 2116, 788, 5212, 17997, 788, 330, 2024, 1659, 497, 330, 1700, 788, 330, 2024, 1659, 907, 307, 30975, 13989, 151645]",/parent_results/images/seed1_contact_sheet.png,1f7046a25f9ee0c92a2b0d641e8dfc89a98f58d1be68f5849dfa30232d2411e3,469,Securely place the blender lid on top to close the blender.,1,3211.370946839452,False,True,,False,8672.99267578125,a835f053538454c80267cf7470e6aced3bdae0ce6408d7abfbc66b377a36faad,raw/seed1_instruction1.txt,a211b4fe895449bc287c4f0798bc1437a56cbe7cd8845676cbbb6c064a63e853,1,True,"[""GRASP_OBJECT"", ""MOVE_OBJECT"", ""PLACE_OBJECT""]",eos_token,False
canonical/seed1_instruction2.json,True,[],True,seed1_instruction2,False,True,False,"[151645, 151643]",[],True,False,False,True,90,"[4913, 10393, 788, 61753, 606, 788, 330, 8626, 65104, 13442, 497, 330, 2116, 788, 5212, 901, 13367, 20627, 788, 330, 61206, 10630, 497, 330, 1700, 788, 330, 2024, 1659, 907, 307, 9207, 2137, 5212, 606, 788, 330, 29116, 13442, 497, 330, 2116, 788, 5212, 17997, 788, 330, 34087, 620, 8156, 20627, 497, 330, 1700, 788, 330, 2024, 1659, 907, 307, 9207, 2137, 5212, 606, 788, 330, 35875, 13442, 497, 330, 2116, 788, 5212, 17997, 788, 330, 2024, 1659, 497, 330, 1700, 788, 330, 2024, 1659, 907, 307, 30975, 13989, 151645]",/parent_results/images/seed1_contact_sheet.png,1f7046a25f9ee0c92a2b0d641e8dfc89a98f58d1be68f5849dfa30232d2411e3,467,Close the blender by putting its lid securely in place.,2,3209.420580416918,False,True,,False,8672.96142578125,15d5a67eecf1d16580a0bb1932e84efd74c94ceacc75f3b0dd404066538aa1f8,raw/seed1_instruction2.txt,3ebf00c05e1143958ab9b1b808aaf60460dfafe527b4ba7d9febd1920101a848,1,True,"[""GRASP_OBJECT"", ""MOVE_OBJECT"", ""PLACE_OBJECT""]",eos_token,False
canonical/seed1_instruction3.json,True,[],True,seed1_instruction3,False,True,False,"[151645, 151643]",[],True,False,False,True,90,"[4913, 10393, 788, 61753, 606, 788, 330, 8626, 65104, 13442, 497, 330, 2116, 788, 5212, 901, 13367, 20627, 788, 330, 61206, 10630, 497, 330, 1700, 788, 330, 2024, 1659, 907, 307, 9207, 2137, 5212, 606, 788, 330, 29116, 13442, 497, 330, 2116, 788, 5212, 17997, 788, 330, 34087, 620, 8156, 20627, 497, 330, 1700, 788, 330, 2024, 1659, 907, 307, 9207, 2137, 5212, 606, 788, 330, 35875, 13442, 497, 330, 2116, 788, 5212, 17997, 788, 330, 2024, 1659, 497, 330, 1700, 788, 330, 2024, 1659, 907, 307, 30975, 13989, 151645]",/parent_results/images/seed1_contact_sheet.png,1f7046a25f9ee0c92a2b0d641e8dfc89a98f58d1be68f5849dfa30232d2411e3,469,Put the lid securely on the blender so that it is closed.,3,3210.7302099466324,False,True,,False,8672.99267578125,dc93bef8eb68e1d3f4a2d6c7ddc053b9e9538f993bae805d2dbbc90da9bb9075,raw/seed1_instruction3.txt,75e613590eb3063a1c2281a0fa8d16307c8a88f238f65b555208d1cd577ab5a3,1,True,"[""GRASP_OBJECT"", ""MOVE_OBJECT"", ""PLACE_OBJECT""]",eos_token,False
canonical/seed2_instruction0.json,True,[],True,seed2_instruction0,False,True,False,"[151645, 151643]",[],True,False,False,True,90,"[4913, 10393, 788, 61753, 606, 788, 330, 8626, 65104, 13442, 497, 330, 2116, 788, 5212, 901, 13367, 20627, 788, 330, 61206, 10630, 497, 330, 1700, 788, 330, 2024, 1659, 907, 307, 9207, 2137, 5212, 606, 788, 330, 29116, 13442, 497, 330, 2116, 788, 5212, 17997, 788, 330, 34087, 620, 8156, 20627, 497, 330, 1700, 788, 330, 2024, 1659, 907, 307, 9207, 2137, 5212, 606, 788, 330, 35875, 13442, 497, 330, 2116, 788, 5212, 17997, 788, 330, 2024, 1659, 497, 330, 1700, 788, 330, 2024, 1659, 907, 307, 30975, 13989, 151645]",/parent_results/images/seed2_contact_sheet.png,9b5f2837ab78183ba92ec3f2e4cfd5682e6557a723efc883ac32f6d8f0fadf1c,468,Close the lid blender by securely placing the lid on top.,0,3208.436045795679,False,True,,False,8672.97509765625,4609f5be8bf299fca86be78c0e090d1e920a714c9a0d0126c9b8b5555b29e027,raw/seed2_instruction0.txt,87b59e6b1cfab20caab4008cbe2aab21aa01ca323094daf84f1b38dd7486a023,2,True,"[""GRASP_OBJECT"", ""MOVE_OBJECT"", ""PLACE_OBJECT""]",eos_token,False
canonical/seed2_instruction1.json,True,[],True,seed2_instruction1,False,True,False,"[151645, 151643]",[],True,False,False,True,90,"[4913, 10393, 788, 61753, 606, 788, 330, 8626, 65104, 13442, 497, 330, 2116, 788, 5212, 901, 13367, 20627, 788, 330, 61206, 10630, 497, 330, 1700, 788, 330, 2024, 1659, 907, 307, 9207, 2137, 5212, 606, 788, 330, 29116, 13442, 497, 330, 2116, 788, 5212, 17997, 788, 330, 34087, 620, 8156, 20627, 497, 330, 1700, 788, 330, 2024, 1659, 907, 307, 9207, 2137, 5212, 606, 788, 330, 35875, 13442, 497, 330, 2116, 788, 5212, 17997, 788, 330, 2024, 1659, 497, 330, 1700, 788, 330, 2024, 1659, 907, 307, 30975, 13989, 151645]",/parent_results/images/seed2_contact_sheet.png,9b5f2837ab78183ba92ec3f2e4cfd5682e6557a723efc883ac32f6d8f0fadf1c,469,Securely place the blender lid on top to close the blender.,1,3213.343361392617,False,True,,False,8672.99267578125,a835f053538454c80267cf7470e6aced3bdae0ce6408d7abfbc66b377a36faad,raw/seed2_instruction1.txt,a211b4fe895449bc287c4f0798bc1437a56cbe7cd8845676cbbb6c064a63e853,2,True,"[""GRASP_OBJECT"", ""MOVE_OBJECT"", ""PLACE_OBJECT""]",eos_token,False
canonical/seed2_instruction2.json,True,[],True,seed2_instruction2,False,True,False,"[151645, 151643]",[],True,False,False,True,90,"[4913, 10393, 788, 61753, 606, 788, 330, 8626, 65104, 13442, 497, 330, 2116, 788, 5212, 901, 13367, 20627, 788, 330, 61206, 10630, 497, 330, 1700, 788, 330, 2024, 1659, 907, 307, 9207, 2137, 5212, 606, 788, 330, 29116, 13442, 497, 330, 2116, 788, 5212, 17997, 788, 330, 34087, 620, 8156, 20627, 497, 330, 1700, 788, 330, 2024, 1659, 907, 307, 9207, 2137, 5212, 606, 788, 330, 35875, 13442, 497, 330, 2116, 788, 5212, 17997, 788, 330, 2024, 1659, 497, 330, 1700, 788, 330, 2024, 1659, 907, 307, 30975, 13989, 151645]",/parent_results/images/seed2_contact_sheet.png,9b5f2837ab78183ba92ec3f2e4cfd5682e6557a723efc883ac32f6d8f0fadf1c,467,Close the blender by putting its lid securely in place.,2,3210.6808200478554,False,True,,False,8672.96142578125,15d5a67eecf1d16580a0bb1932e84efd74c94ceacc75f3b0dd404066538aa1f8,raw/seed2_instruction2.txt,3ebf00c05e1143958ab9b1b808aaf60460dfafe527b4ba7d9febd1920101a848,2,True,"[""GRASP_OBJECT"", ""MOVE_OBJECT"", ""PLACE_OBJECT""]",eos_token,False
canonical/seed2_instruction3.json,True,[],True,seed2_instruction3,False,True,False,"[151645, 151643]",[],True,False,False,True,90,"[4913, 10393, 788, 61753, 606, 788, 330, 8626, 65104, 13442, 497, 330, 2116, 788, 5212, 901, 13367, 20627, 788, 330, 61206, 10630, 497, 330, 1700, 788, 330, 2024, 1659, 907, 307, 9207, 2137, 5212, 606, 788, 330, 29116, 13442, 497, 330, 2116, 788, 5212, 17997, 788, 330, 34087, 620, 8156, 20627, 497, 330, 1700, 788, 330, 2024, 1659, 907, 307, 9207, 2137, 5212, 606, 788, 330, 35875, 13442, 497, 330, 2116, 788, 5212, 17997, 788, 330, 2024, 1659, 497, 330, 1700, 788, 330, 2024, 1659, 907, 307, 30975, 13989, 151645]",/parent_results/images/seed2_contact_sheet.png,9b5f2837ab78183ba92ec3f2e4cfd5682e6557a723efc883ac32f6d8f0fadf1c,469,Put the lid securely on the blender so that it is closed.,3,3211.241528391838,False,True,,False,8672.99267578125,dc93bef8eb68e1d3f4a2d6c7ddc053b9e9538f993bae805d2dbbc90da9bb9075,raw/seed2_instruction3.txt,75e613590eb3063a1c2281a0fa8d16307c8a88f238f65b555208d1cd577ab5a3,2,True,"[""GRASP_OBJECT"", ""MOVE_OBJECT"", ""PLACE_OBJECT""]",eos_token,False
